<?xml version="1.0" encoding="UTF-8"?>
<metadata xml:lang="en"><Esri><CreaDate>20160506</CreaDate><CreaTime>13572300</CreaTime><ArcGISFormat>1.0</ArcGISFormat><SyncOnce>FALSE</SyncOnce><DataProperties><lineage><Process ToolSource="c:\program files (x86)\arcgis\desktop10.3\ArcToolbox\Toolboxes\Data Management Tools.tbx\AddAttachments" Date="20151028" Time="140553">AddAttachments "Base Data\Jurisdictional Boundaries\County Boundaries" PHOTO E:\Data1\FDOT_Dist-5_Freight_Logistics\Tables\County_Summary_Statistics.xlsx\GIS$ PHOTO PHOTO E:\Data1\FDOT_Dist-5_Freight_Logistics\Metadata\County_Freight_Reports</Process><Process ToolSource="c:\program files (x86)\arcgis\desktop10.3\ArcToolbox\Toolboxes\Data Management Tools.tbx\AddAttachments" Date="20151028" Time="152015">AddAttachments "Base Data\Jurisdictional Boundaries\County Boundaries" COUNTY E:\Data1\FDOT_Dist-5_Freight_Logistics\Tables\County_Summary_Statistics.xlsx\GIS$ COUNTY LINK E:\Data1\FDOT_Dist-5_Freight_Logistics\Metadata\County_Freight_PDFs</Process><Process ToolSource="c:\program files (x86)\arcgis\desktop10.3\ArcToolbox\Toolboxes\Data Management Tools.tbx\CalculateField" Date="20151030" Time="101406">CalculateField "Base Data\Jurisdictional Boundaries\County Boundaries" TEST !NAME!.title() PYTHON_9.3 #</Process><Process ToolSource="c:\program files (x86)\arcgis\desktop10.3\ArcToolbox\Toolboxes\Data Management Tools.tbx\CalculateField" Date="20151030" Time="101429">CalculateField "Base Data\Jurisdictional Boundaries\County Boundaries" NAME !TEST! PYTHON_9.3 #</Process><Process ToolSource="c:\program files (x86)\arcgis\desktop10.3\ArcToolbox\Toolboxes\Data Management Tools.tbx\AddAttachments" Date="20151030" Time="112749">AddAttachments E:\Data1\FDOT_Dist-5_TransPort_2015\Spatial\gdb\TransPort.gdb\BaseData\County_Bnd NAME E:\Data1\FDOT_Dist-5_Freight_Logistics\Tables\County_Summary_Statistics.xlsx\ADDINS$ COUNTY PHOTO E:\Data1\FDOT_Dist-5_Freight_Logistics\Spatial\gdb</Process><Process ToolSource="c:\program files (x86)\arcgis\desktop10.3\ArcToolbox\Toolboxes\Data Management Tools.tbx\AddAttachments" Date="20151030" Time="114214">AddAttachments E:\Data1\FDOT_Dist-5_TransPort_2015\Spatial\gdb\TransPort.gdb\BaseData\County_Bnd NAME E:\Data1\FDOT_Dist-5_Freight_Logistics\Tables\County_Summary_Statistics.xlsx\GIS$ COUNTY PHOTO E:\Data1\FDOT_Dist-5_TransPort_2015\Spatial\gdb</Process><Process ToolSource="c:\program files (x86)\arcgis\desktop10.3\ArcToolbox\Toolboxes\Data Management Tools.tbx\AddAttachments" Date="20151030" Time="132347">AddAttachments E:\Data1\FDOT_Dist-5_TransPort_2015\Spatial\gdb\TransPort.gdb\BaseData\County_Bnd NAME E:\Data1\FDOT_Dist-5_Freight_Logistics\Tables\County_Summary_Statistics.xlsx\GIS$ PHOTO PHOTO E:\Data1\FDOT_Dist-5_TransPort_2015\Spatial\gdb</Process><Process ToolSource="c:\program files (x86)\arcgis\desktop10.3\ArcToolbox\Toolboxes\Data Management Tools.tbx\AddAttachments" Date="20151030" Time="132459">AddAttachments E:\Data1\FDOT_Dist-5_TransPort_2015\Spatial\gdb\TransPort.gdb\BaseData\County_Bnd NAME E:\Data1\FDOT_Dist-5_Freight_Logistics\Tables\County_Summary_Statistics.xlsx\GIS$ PHOTO PHOTO E:\Data1\FDOT_Dist-5_TransPort_2015\Spatial\gdb</Process><Process ToolSource="c:\program files (x86)\arcgis\desktop10.3\ArcToolbox\Toolboxes\Data Management Tools.tbx\AddAttachments" Date="20151030" Time="132532">AddAttachments E:\Data1\FDOT_Dist-5_TransPort_2015\Spatial\gdb\TransPort.gdb\BaseData\County_Bnd NAME E:\Data1\FDOT_Dist-5_Freight_Logistics\Tables\County_Summary_Statistics.xlsx\GIS$ PHOTO PHOTO E:\Data1\FDOT_Dist-5_TransPort_2015\Spatial\gdb</Process><Process ToolSource="c:\program files (x86)\arcgis\desktop10.3\ArcToolbox\Toolboxes\Data Management Tools.tbx\AddAttachments" Date="20151030" Time="132735">AddAttachments E:\Data1\FDOT_Dist-5_TransPort_2015\Spatial\gdb\TransPort.gdb\BaseData\County_Bnd NAME E:\Data1\FDOT_Dist-5_Freight_Logistics\Tables\County_Summary_Statistics.xlsx\GIS$ COUNTY PHOTO E:\Data1\FDOT_Dist-5_TransPort_2015\Spatial\gdb</Process><Process ToolSource="c:\program files (x86)\arcgis\desktop10.3\ArcToolbox\Toolboxes\Data Management Tools.tbx\AddAttachments" Date="20151030" Time="133728">AddAttachments E:\Data1\FDOT_Dist-5_TransPort_2015\Spatial\gdb\TransPort.gdb\BaseData\County_Bnd PHOTO E:\Data1\FDOT_Dist-5_Freight_Logistics\Tables\County_Summary_Statistics.xlsx\GIS$ PHOTO PHOTO E:\Data1\FDOT_Dist-5_TransPort_2015\Spatial\gdb</Process><Process ToolSource="c:\program files (x86)\arcgis\desktop10.3\ArcToolbox\Toolboxes\Data Management Tools.tbx\AddAttachments" Date="20151030" Time="140127">AddAttachments E:\Data1\FDOT_Dist-5_TransPort_2015\Spatial\gdb\TransPort.gdb\BaseData\County_Bnd NAME E:\Data1\FDOT_Dist-5_Freight_Logistics\Tables\County_Summary_Statistics.xlsx\GIS$ COUNTY PHOTO E:\Data1\FDOT_Dist-5_Freight_Logistics\Metadata\County_Freight_Reports</Process><Process ToolSource="c:\program files (x86)\arcgis\desktop10.3\ArcToolbox\Toolboxes\Data Management Tools.tbx\CalculateField" Date="20160129" Time="095910">CalculateField SBTU_Districts_20160129 COUNTY [NAME] VB #</Process><Process ToolSource="c:\program files (x86)\arcgis\desktop10.3\ArcToolbox\Toolboxes\Data Management Tools.tbx\CalculateField" Date="20160201" Time="065514">CalculateField SBTU_Districts_20160201 STUDY_DIST [DISTRICT] VB #</Process><Process ToolSource="c:\program files (x86)\arcgis\desktop10.3\ArcToolbox\Toolboxes\Data Management Tools.tbx\CalculateField" Date="20160201" Time="080711">CalculateField SBTU_Districts_20160201 STUDY_DIST "[COUNTY] &amp; " Co."" VB #</Process><Process ToolSource="c:\program files (x86)\arcgis\desktop10.3\ArcToolbox\Toolboxes\Data Management Tools.tbx\CalculateField" Date="20160201" Time="130754">CalculateField Districts_20160201_Central_Florida NAME [STUDY_DIST] VB #</Process><Process ToolSource="c:\program files (x86)\arcgis\desktop10.3\ArcToolbox\Toolboxes\Data Management Tools.tbx\CalculateField" Date="20160201" Time="130833">CalculateField Districts_20160201_Central_Florida TYPE "County" VB #</Process><Process ToolSource="c:\program files (x86)\arcgis\desktop10.3\ArcToolbox\Toolboxes\Data Management Tools.tbx\CalculateField" Date="20160201" Time="130848">CalculateField Districts_20160201_Central_Florida TYPE "Analysis District" VB #</Process><Process ToolSource="c:\program files (x86)\arcgis\desktop10.3\ArcToolbox\Toolboxes\Data Management Tools.tbx\CalculateField" Date="20160201" Time="131002">CalculateField Districts_20160201_Central_Florida22 TYPE "External Zone" VB #</Process><Process ToolSource="c:\program files (x86)\arcgis\desktop10.3\ArcToolbox\Toolboxes\Data Management Tools.tbx\CalculateField" Date="20160201" Time="131011">CalculateField Districts_20160201_Central_Florida22 NAME ""N-" &amp; [N]" VB #</Process><Process ToolSource="c:\program files (x86)\arcgis\desktop10.3\ArcToolbox\Toolboxes\Data Management Tools.tbx\CalculateField" Date="20160212" Time="095535">CalculateField Districts_20160212 TYPE "External Zone" VB #</Process><Process ToolSource="c:\program files (x86)\arcgis\desktop10.3\ArcToolbox\Toolboxes\Data Management Tools.tbx\CalculateField" Date="20160212" Time="142855">CalculateField Districts_20160212 TYPE "External Zone" VB #</Process><Process ToolSource="c:\program files (x86)\arcgis\desktop10.2\ArcToolbox\Toolboxes\Data Management Tools.tbx\CalculateField" Date="20160506" Time="133637">CalculateField CFRPM6_TAZ_Edit_Dis4_UnionP2 TYPE_1 "External" VB #</Process><Process ToolSource="c:\program files (x86)\arcgis\desktop10.2\ArcToolbox\Toolboxes\Data Management Tools.tbx\CalculateField" Date="20160506" Time="133706">CalculateField CFRPM6_TAZ_Edit_Dis4_UnionP2 NAME_1 "External" VB #</Process><Process ToolSource="c:\program files (x86)\arcgis\desktop10.2\ArcToolbox\Toolboxes\Data Management Tools.tbx\CalculateField" Date="20160506" Time="133725">CalculateField CFRPM6_TAZ_Edit_Dis4_UnionP2 New "New" VB #</Process><Process ToolSource="c:\program files (x86)\arcgis\desktop10.2\ArcToolbox\Toolboxes\Data Management Tools.tbx\CalculateField" Date="20160506" Time="133735">CalculateField CFRPM6_TAZ_Edit_Dis4_UnionP2 New " " VB #</Process><Process ToolSource="c:\program files (x86)\arcgis\desktop10.2\ArcToolbox\Toolboxes\Data Management Tools.tbx\CalculateField" Date="20160506" Time="133900">CalculateField CFRPM6_TAZ_Edit_Dis4_UnionP2 TYPE_1 "County" VB #</Process><Process ToolSource="c:\program files (x86)\arcgis\desktop10.2\ArcToolbox\Toolboxes\Data Management Tools.tbx\CalculateField" Date="20160506" Time="135407">CalculateField CFRPM6_TAZ_Edit_Dis4_UnionP2 NAME [NAME_1] VB #</Process><Process ToolSource="c:\program files (x86)\arcgis\desktop10.2\ArcToolbox\Toolboxes\Data Management Tools.tbx\CalculateField" Date="20160506" Time="135443">CalculateField CFRPM6_TAZ_Edit_Dis4_UnionP2 TYPE [TYPE_1] VB #</Process><Process ToolSource="c:\program files (x86)\arcgis\desktop10.2\ArcToolbox\Toolboxes\Data Management Tools.tbx\CalculateField" Date="20160506" Time="135536">CalculateField CFRPM6_TAZ_Edit_Dis4_UnionP2 NAME [TYPE] VB #</Process><Process ToolSource="c:\program files (x86)\arcgis\desktop10.2\ArcToolbox\Toolboxes\Data Management Tools.tbx\CalculateField" Date="20160506" Time="135633">CalculateField CFRPM6_TAZ_Edit_Dis4_UnionP2 ZoneNum [ZONE_ID_1] VB #</Process></lineage><itemProps><itemName Sync="TRUE">CFRPM6_TAZ_Edit_Dis4_UnionP2</itemName><imsContentType Sync="TRUE">002</imsContentType><itemSize Sync="TRUE">0.000</itemSize><itemLocation><linkage Sync="TRUE">file://\\TALL018\C$\ArcGIS\CFRPM_I-4\Shapefiles\CFRPM6_TAZ_Edit_Dis4_UnionP2.shp</linkage><protocol Sync="TRUE">Local Area Network</protocol></itemLocation></itemProps><coordRef><type Sync="TRUE">Projected</type><geogcsn Sync="TRUE">GCS_North_American_1983_HARN</geogcsn><csUnits Sync="TRUE">Linear Unit: Meter (1.000000)</csUnits><projcsn Sync="TRUE">Albers Conical Equal Area (Florida Geographic Data Library)</projcsn><peXml Sync="TRUE">&lt;ProjectedCoordinateSystem xsi:type='typens:ProjectedCoordinateSystem' xmlns:xsi='http://www.w3.org/2001/XMLSchema-instance' xmlns:xs='http://www.w3.org/2001/XMLSchema' xmlns:typens='http://www.esri.com/schemas/ArcGIS/10.1'&gt;&lt;WKT&gt;PROJCS[&amp;quot;Albers Conical Equal Area (Florida Geographic Data Library)&amp;quot;,GEOGCS[&amp;quot;GCS_North_American_1983_HARN&amp;quot;,DATUM[&amp;quot;D_North_American_1983_HARN&amp;quot;,SPHEROID[&amp;quot;GRS_1980&amp;quot;,6378137.0,298.257222101]],PRIMEM[&amp;quot;Greenwich&amp;quot;,0.0],UNIT[&amp;quot;Degree&amp;quot;,0.0174532925199433]],PROJECTION[&amp;quot;Albers&amp;quot;],PARAMETER[&amp;quot;False_Easting&amp;quot;,400000.0],PARAMETER[&amp;quot;False_Northing&amp;quot;,0.0],PARAMETER[&amp;quot;Central_Meridian&amp;quot;,-84.0],PARAMETER[&amp;quot;Standard_Parallel_1&amp;quot;,24.0],PARAMETER[&amp;quot;Standard_Parallel_2&amp;quot;,31.5],PARAMETER[&amp;quot;Central_Parallel&amp;quot;,24.0],UNIT[&amp;quot;Meter&amp;quot;,1.0]]&lt;/WKT&gt;&lt;XOrigin&gt;-19550100&lt;/XOrigin&gt;&lt;YOrigin&gt;-7526400&lt;/YOrigin&gt;&lt;XYScale&gt;225743210.67916927&lt;/XYScale&gt;&lt;ZOrigin&gt;-100000&lt;/ZOrigin&gt;&lt;ZScale&gt;10000&lt;/ZScale&gt;&lt;MOrigin&gt;-100000&lt;/MOrigin&gt;&lt;MScale&gt;10000&lt;/MScale&gt;&lt;XYTolerance&gt;0.001&lt;/XYTolerance&gt;&lt;ZTolerance&gt;0.001&lt;/ZTolerance&gt;&lt;MTolerance&gt;0.001&lt;/MTolerance&gt;&lt;HighPrecision&gt;true&lt;/HighPrecision&gt;&lt;/ProjectedCoordinateSystem&gt;</peXml></coordRef><copyHistory><copy source="E:\Data1\FDOT_Dist-5_Misc_Tasks\spatial\vector\shp\AirSage\Districts_20160201_Central_Florida" dest="\\ORL-GIS01\Data1\FDOT_Dist-5_Misc_Tasks\spatial\vector\shp\AirSage\Districts_20160201_Central_FloridaCopy" date="20160212" time="08564100"></copy></copyHistory></DataProperties><SyncDate>20160502</SyncDate><SyncTime>14572000</SyncTime><ModDate>20160502</ModDate><ModTime>14572000</ModTime></Esri><dataIdInfo><envirDesc Sync="TRUE">Microsoft Windows 7 Version 6.1 (Build 7601) Service Pack 1; Esri ArcGIS 10.2.2.3552</envirDesc><dataLang><languageCode value="eng" Sync="TRUE"></languageCode><countryCode value="USA" Sync="TRUE"></countryCode></dataLang><idCitation><resTitle Sync="TRUE">CFRPM6_TAZ_Edit_Dis4_UnionP2</resTitle><presForm><PresFormCd value="005" Sync="TRUE"></PresFormCd></presForm></idCitation><spatRpType><SpatRepTypCd value="001" Sync="TRUE"></SpatRepTypCd></spatRpType></dataIdInfo><mdLang><languageCode value="eng" Sync="TRUE"></languageCode><countryCode value="USA" Sync="TRUE"></countryCode></mdLang><mdChar><CharSetCd value="004" Sync="TRUE"></CharSetCd></mdChar><distInfo><distFormat><formatName Sync="TRUE">Shapefile</formatName></distFormat><distTranOps><transSize Sync="TRUE">0.000</transSize></distTranOps></distInfo><mdHrLv><ScopeCd value="005" Sync="TRUE"></ScopeCd></mdHrLv><mdHrLvName Sync="TRUE">dataset</mdHrLvName><refSysInfo><RefSystem><refSysID><identCode code="0" Sync="TRUE"></identCode></refSysID></RefSystem></refSysInfo><spatRepInfo><VectSpatRep><geometObjs Name="CFRPM6_TAZ_Edit_Dis4_UnionP2"><geoObjTyp><GeoObjTypCd value="002" Sync="TRUE"></GeoObjTypCd></geoObjTyp><geoObjCnt Sync="TRUE">0</geoObjCnt></geometObjs><topLvl><TopoLevCd value="001" Sync="TRUE"></TopoLevCd></topLvl></VectSpatRep></spatRepInfo><spdoinfo><ptvctinf><esriterm Name="CFRPM6_TAZ_Edit_Dis4_UnionP2"><efeatyp Sync="TRUE">Simple</efeatyp><efeageom code="4" Sync="TRUE"></efeageom><esritopo Sync="TRUE">FALSE</esritopo><efeacnt Sync="TRUE">0</efeacnt><spindex Sync="TRUE">FALSE</spindex><linrefer Sync="TRUE">FALSE</linrefer></esriterm></ptvctinf></spdoinfo><eainfo><detailed Name="CFRPM6_TAZ_Edit_Dis4_UnionP2"><enttyp><enttypl Sync="TRUE">CFRPM6_TAZ_Edit_Dis4_UnionP2</enttypl><enttypt Sync="TRUE">Feature Class</enttypt><enttypc Sync="TRUE">0</enttypc></enttyp><attr><attrlabl Sync="TRUE">FID</attrlabl><attalias Sync="TRUE">FID</attalias><attrtype Sync="TRUE">OID</attrtype><attwidth Sync="TRUE">4</attwidth><atprecis Sync="TRUE">0</atprecis><attscale Sync="TRUE">0</attscale><attrdef Sync="TRUE">Internal feature number.</attrdef><attrdefs Sync="TRUE">Esri</attrdefs><attrdomv><udom Sync="TRUE">Sequential unique whole numbers that are automatically generated.</udom></attrdomv></attr><attr><attrlabl Sync="TRUE">Shape</attrlabl><attalias Sync="TRUE">Shape</attalias><attrtype Sync="TRUE">Geometry</attrtype><attwidth Sync="TRUE">0</attwidth><atprecis Sync="TRUE">0</atprecis><attscale Sync="TRUE">0</attscale><attrdef Sync="TRUE">Feature geometry.</attrdef><attrdefs Sync="TRUE">Esri</attrdefs><attrdomv><udom Sync="TRUE">Coordinates defining the features.</udom></attrdomv></attr><attr><attrlabl Sync="TRUE">FID_CFRPM6</attrlabl><attalias Sync="TRUE">FID_CFRPM6</attalias><attrtype Sync="TRUE">Integer</attrtype><attwidth Sync="TRUE">9</attwidth><atprecis Sync="TRUE">9</atprecis><attscale Sync="TRUE">0</attscale></attr><attr><attrlabl Sync="TRUE">NAME</attrlabl><attalias Sync="TRUE">NAME</attalias><attrtype Sync="TRUE">String</attrtype><attwidth Sync="TRUE">50</attwidth><atprecis Sync="TRUE">0</atprecis><attscale Sync="TRUE">0</attscale></attr><attr><attrlabl Sync="TRUE">TYPE</attrlabl><attalias Sync="TRUE">TYPE</attalias><attrtype Sync="TRUE">String</attrtype><attwidth Sync="TRUE">20</attwidth><atprecis Sync="TRUE">0</atprecis><attscale Sync="TRUE">0</attscale></attr><attr><attrlabl Sync="TRUE">ZONE_ID</attrlabl><attalias Sync="TRUE">ZONE_ID</attalias><attrtype Sync="TRUE">Integer</attrtype><attwidth Sync="TRUE">5</attwidth><atprecis Sync="TRUE">5</atprecis><attscale Sync="TRUE">0</attscale></attr><attr><attrlabl Sync="TRUE">COUNTY</attrlabl><attalias Sync="TRUE">COUNTY</attalias><attrtype Sync="TRUE">String</attrtype><attwidth Sync="TRUE">12</attwidth><atprecis Sync="TRUE">0</atprecis><attscale Sync="TRUE">0</attscale></attr><attr><attrlabl Sync="TRUE">FID_CFRPM_</attrlabl><attalias Sync="TRUE">FID_CFRPM_</attalias><attrtype Sync="TRUE">Integer</attrtype><attwidth Sync="TRUE">9</attwidth><atprecis Sync="TRUE">9</atprecis><attscale Sync="TRUE">0</attscale></attr><attr><attrlabl Sync="TRUE">NAME_1</attrlabl><attalias Sync="TRUE">NAME_1</attalias><attrtype Sync="TRUE">String</attrtype><attwidth Sync="TRUE">50</attwidth><atprecis Sync="TRUE">0</atprecis><attscale Sync="TRUE">0</attscale></attr><attr><attrlabl Sync="TRUE">TYPE_1</attrlabl><attalias Sync="TRUE">TYPE_1</attalias><attrtype Sync="TRUE">String</attrtype><attwidth Sync="TRUE">20</attwidth><atprecis Sync="TRUE">0</atprecis><attscale Sync="TRUE">0</attscale></attr><attr><attrlabl Sync="TRUE">ZONE_ID_1</attrlabl><attalias Sync="TRUE">ZONE_ID_1</attalias><attrtype Sync="TRUE">Integer</attrtype><attwidth Sync="TRUE">5</attwidth><atprecis Sync="TRUE">5</atprecis><attscale Sync="TRUE">0</attscale></attr><attr><attrlabl Sync="TRUE">New</attrlabl><attalias Sync="TRUE">New</attalias><attrtype Sync="TRUE">String</attrtype><attwidth Sync="TRUE">10</attwidth><atprecis Sync="TRUE">0</atprecis><attscale Sync="TRUE">0</attscale></attr><attr><attrlabl Sync="TRUE">Name_Split</attrlabl><attalias Sync="TRUE">Name_Split</attalias><attrtype Sync="TRUE">String</attrtype><attwidth Sync="TRUE">50</attwidth><atprecis Sync="TRUE">0</atprecis><attscale Sync="TRUE">0</attscale></attr></detailed></eainfo><mdDateSt Sync="TRUE">20160502</mdDateSt></metadata>
